Area,Scenario,Expected result,Status,Evidence
Install,Install production bundle through Play internal testing,Correct package and production backend; no debug overlay,NOT_RUN,
Upgrade,Upgrade existing release without clearing data,Session and saved content survive supported migration,NOT_RUN,
Guest,Search and read public guideline,Results and sections load correctly,NOT_RUN,
Account,Register login refresh logout,Correct identity and session lifecycle,NOT_RUN,
Deletion,Initiate and complete account deletion in app and web,Account and associated data removed per policy; tokens invalidated,BLOCKED,Request intake implemented; fulfilment and end-to-end evidence outstanding
Offline,Download then enable airplane mode,Downloaded guideline and PDF remain readable,NOT_RUN,
PDF,Open share and download document,No broad media/storage permission needed,NOT_RUN,
Notifications,Allow and deny notifications; tap message,Permission choice respected and correct destination opens,NOT_RUN,
AI,Query source and report problematic output,Citations valid; reporting works; no unsafe unsupported claims,NOT_RUN,
Privacy,Open public policy and deletion URLs,Publicly accessible and consistent with actual behavior,NOT_RUN,
Android16,Install and exercise reader keyboard back and layout,No compatibility crash or unusable layout,PARTIAL,"Production profile com.mediguide.ug 2.1.8+60 installed and launched on Android 16 API 36 arm64 emulator; reader keyboard/back/layout scenarios remain to be executed"
Native16KB,Run on 16 KB page-size emulator/device,Flutter PDF SQLite and native plugins work,PASS,"Production profile APK passed zipalign -c -P 16 -v 4; Android 16 arm64 launch succeeded"
Accessibility,Large text and screen reader,Navigation and content remain usable,NOT_RUN,
Release,Inspect AAB and Play pre-launch report,Correct signature SDK ABI permissions and no blocking diagnostics,PARTIAL,"Signed production AAB build 61 generated by GitHub Actions run 36545886164 and jarsigner verification passed; Play upload-certificate match bundle diagnostics and pre-launch report remain pending"
